IP,APA,AFE,Config_CH,DAQ_CH,SIPM_type,Run,Bias_conversion_slope,Bias_conversion_intercept,New Vbd(V),New Vbd_error(V),RunFolder,Stringa_DAQch,End,Old Vbd(V),Old Vbd_error(V),Diff Old_New,Coldbox_LN2T Vbd(V),Coldbox_LN2T Vbd_error(V),Diff New_LN2T,Diff Old_LN2T,EndCh,End_AFE
10.73.137.104,1,0,0,0,FBK,"[Apr-22-2024-run01, Apr-23-2024-run00, Apr-27-2024-run00, May-02-2024-run00, May-09-2024-run00, May-17-2024-run00, May-28-2024-run00, Jun-18-2024-run00, Jul-29-2024-run00, Sep-24-2024-run00, Oct-04-2024-run00]",0.03937,1.386,27.511,0.1061,Vbd_best_20241007,IP104_CH00,104,27.4821,0.0998,-0.028900000000000148,26.82,,0.690999999999999,0.6620999999999988,104_00,104_0
10.73.137.104,1,0,1,1,FBK,"[Apr-22-2024-run01, Apr-23-2024-run00, Apr-27-2024-run00, May-02-2024-run00, May-09-2024-run00, May-17-2024-run00, May-28-2024-run00, Jun-18-2024-run00, Jul-29-2024-run00, Sep-24-2024-run00, Oct-04-2024-run00]",0.03925,1.4595,27.6765,0.012,Vbd_best_20241007,IP104_CH01,104,27.6968,0.0616,0.020299999999998875,26.82,,0.8565000000000005,0.8767999999999994,104_01,104_0
10.73.137.104,1,0,2,2,FBK,"[Apr-22-2024-run01, Apr-23-2024-run00, Apr-27-2024-run00, May-02-2024-run00, May-09-2024-run00, May-17-2024-run00, May-28-2024-run00, Jun-18-2024-run00, Jul-29-2024-run00, Sep-24-2024-run00, Oct-04-2024-run00]",0.03939,1.3735,27.536,0.1061,Vbd_best_20241007,IP104_CH02,104,27.492,0.0586,-0.04400000000000048,26.76,,0.7759999999999998,0.7319999999999993,104_02,104_0
10.73.137.104,1,0,3,3,FBK,"[Apr-22-2024-run01, Apr-23-2024-run00, Apr-27-2024-run00, May-02-2024-run00, May-09-2024-run00, May-17-2024-run00, May-28-2024-run00, Jun-18-2024-run00, Jul-29-2024-run00, Sep-24-2024-run00, Oct-04-2024-run00]",0.03937,1.39,27.6455,0.0262,Vbd_best_20241007,IP104_CH03,104,27.6527,0.0693,0.007200000000000983,27.1,,0.545499999999997,0.552699999999998,104_03,104_0
10.73.137.104,1,0,4,4,FBK,"[Apr-22-2024-run01, Apr-23-2024-run00, Apr-27-2024-run00, May-02-2024-run00, May-09-2024-run00, May-17-2024-run00, May-28-2024-run00, Jun-18-2024-run00, Jul-29-2024-run00, Sep-24-2024-run00, Oct-04-2024-run00]",0.03936,1.394,27.4245,0.0544,Vbd_best_20241007,IP104_CH04,104,27.4272,0.0709,0.002700000000000813,27.27,,0.15449999999999875,0.15719999999999956,104_04,104_0
10.73.137.104,1,0,5,5,FBK,"[Apr-22-2024-run01, Apr-23-2024-run00, Apr-27-2024-run00, May-02-2024-run00, May-09-2024-run00, May-17-2024-run00, May-28-2024-run00, Jun-18-2024-run00, Jul-29-2024-run00, Sep-24-2024-run00, Oct-04-2024-run00]",0.03937,1.389,27.5065,0.0474,Vbd_best_20241007,IP104_CH05,104,27.5113,0.0592,0.004799999999999471,26.79,,0.7164999999999999,0.7212999999999994,104_05,104_0
10.73.137.104,1,0,6,6,FBK,"[Apr-22-2024-run01, Apr-23-2024-run00, Apr-27-2024-run00, May-02-2024-run00, May-09-2024-run00, May-17-2024-run00, May-28-2024-run00, Jun-18-2024-run00, Jul-29-2024-run00, Sep-24-2024-run00, Oct-04-2024-run00]",0.03931,1.43,27.501,0.1655,Vbd_best_20241007,IP104_CH06,104,27.4834,0.0822,-0.017600000000001614,26.8,,0.7010000000000005,0.6833999999999989,104_06,104_0
10.73.137.104,1,0,7,7,FBK,"[Apr-22-2024-run01, Apr-23-2024-run00, Apr-27-2024-run00, May-02-2024-run00, May-09-2024-run00, May-17-2024-run00, May-28-2024-run00, Jun-18-2024-run00, Jul-29-2024-run00, Sep-24-2024-run00, Oct-04-2024-run00]",0.03941,1.3635,27.5715,0.0233,Vbd_best_20241007,IP104_CH07,104,27.5786,0.157,0.0071000000000012164,26.75,,0.8215000000000003,0.8286000000000016,104_07,104_0
10.73.137.104,1,1,8,10,FBK,"[Apr-22-2024-run01, Apr-23-2024-run00, Apr-27-2024-run00, May-02-2024-run00, May-09-2024-run00, May-17-2024-run00, May-28-2024-run00, Jun-18-2024-run00, Jul-29-2024-run00, Sep-24-2024-run00, Oct-04-2024-run00]",0.0385,0.945,27.3205,0.0205,Vbd_best_20241007,IP104_CH10,104,27.4132,0.0665,0.09270000000000067,26.76,,0.5604999999999976,0.6531999999999982,104_10,104_1
10.73.137.104,1,1,9,11,FBK,"[Apr-22-2024-run01, Apr-23-2024-run00, Apr-27-2024-run00, May-02-2024-run00, May-09-2024-run00, May-17-2024-run00, May-28-2024-run00, Jun-18-2024-run00, Jul-29-2024-run00, Sep-24-2024-run00, Oct-04-2024-run00]",0.03843,0.987,27.2775,0.0445,Vbd_best_20241007,IP104_CH11,104,27.4283,0.0777,0.15080000000000027,26.76,,0.5174999999999983,0.6682999999999986,104_11,104_1
10.73.137.104,1,1,10,12,FBK,"[Apr-22-2024-run01, Apr-23-2024-run00, Apr-27-2024-run00, May-02-2024-run00, May-09-2024-run00, May-17-2024-run00, May-28-2024-run00, Jun-18-2024-run00, Jul-29-2024-run00, Sep-24-2024-run00, Oct-04-2024-run00]",0.03847,0.9665,27.372,0.0339,Vbd_best_20241007,IP104_CH12,104,27.3999,0.0563,0.027899999999998926,26.74,,0.6320000000000014,0.6599000000000004,104_12,104_1
10.73.137.104,1,1,11,13,FBK,"[Apr-22-2024-run01, Apr-23-2024-run00, Apr-27-2024-run00, May-02-2024-run00, May-09-2024-run00, May-17-2024-run00, May-28-2024-run00, Jun-18-2024-run00, Jul-29-2024-run00, Sep-24-2024-run00, Oct-04-2024-run00]",0.03851,0.9375,27.306,0.0014,Vbd_best_20241007,IP104_CH13,104,27.4032,0.0558,0.09719999999999729,26.75,,0.5560000000000009,0.6531999999999982,104_13,104_1
10.73.137.104,1,1,12,14,FBK,"[Apr-22-2024-run01, Apr-23-2024-run00, Apr-27-2024-run00, May-02-2024-run00, May-09-2024-run00, May-17-2024-run00, May-28-2024-run00, Jun-18-2024-run00, Jul-29-2024-run00, Sep-24-2024-run00, Oct-04-2024-run00]",0.03847,0.9605,27.242,0.0283,Vbd_best_20241007,IP104_CH14,104,27.3684,0.061,0.1264000000000003,26.85,,0.39199999999999946,0.5183999999999997,104_14,104_1
10.73.137.104,1,1,13,15,FBK,"[Apr-22-2024-run01, Apr-23-2024-run00, Apr-27-2024-run00, May-02-2024-run00, May-09-2024-run00, May-17-2024-run00, May-28-2024-run00, Jun-18-2024-run00, Jul-29-2024-run00, Sep-24-2024-run00, Oct-04-2024-run00]",0.03846,0.9715,27.387,0.0297,Vbd_best_20241007,IP104_CH15,104,27.431,0.0638,0.04400000000000048,26.73,,0.657,0.7010000000000005,104_15,104_1
10.73.137.104,1,1,14,16,FBK,"[Apr-22-2024-run01, Apr-23-2024-run00, Apr-27-2024-run00, May-02-2024-run00, May-09-2024-run00, May-17-2024-run00, May-28-2024-run00, Jun-18-2024-run00, Jul-29-2024-run00, Sep-24-2024-run00, Oct-04-2024-run00]",0.03849,0.954,27.3755,0.0926,Vbd_best_20241007,IP104_CH16,104,27.4277,0.0575,0.05220000000000269,26.76,,0.6154999999999973,0.6677,104_16,104_1
10.73.137.104,1,1,15,17,FBK,"[Apr-22-2024-run01, Apr-23-2024-run00, Apr-27-2024-run00, May-02-2024-run00, May-09-2024-run00, May-17-2024-run00, May-28-2024-run00, Jun-18-2024-run00, Jul-29-2024-run00, Sep-24-2024-run00, Oct-04-2024-run00]",0.0384,0.995,27.275,0.0481,Vbd_best_20241007,IP104_CH17,104,27.4338,0.0855,0.15880000000000294,26.76,,0.514999999999997,0.6738,104_17,104_1
10.73.137.104,1,2,16,20,FBK,"[Apr-22-2024-run01, Apr-23-2024-run00, Apr-27-2024-run00, May-02-2024-run00, May-09-2024-run00, May-17-2024-run00, May-28-2024-run00, Jun-18-2024-run00, Jul-29-2024-run00, Sep-24-2024-run00, Oct-04-2024-run00]",0.039,0.198,27.184,0.1541,Vbd_best_20241007,IP104_CH20,104,27.3927,0.082,0.20870000000000033,26.81,,0.37400000000000233,0.5827000000000027,104_20,104_2
10.73.137.104,1,2,17,21,FBK,"[Apr-22-2024-run01, Apr-23-2024-run00, Apr-27-2024-run00, May-02-2024-run00, May-09-2024-run00, May-17-2024-run00, May-28-2024-run00, Jun-18-2024-run00, Jul-29-2024-run00, Sep-24-2024-run00, Oct-04-2024-run00]",0.03904,0.1825,27.2015,0.0332,Vbd_best_20241007,IP104_CH21,104,28.0343,0.0562,0.8328000000000024,26.73,,0.4714999999999989,1.3043000000000013,104_21,104_2
10.73.137.104,1,2,18,22,FBK,"[Apr-22-2024-run01, Apr-23-2024-run00, Apr-27-2024-run00, May-02-2024-run00, May-09-2024-run00, May-17-2024-run00, May-28-2024-run00, Jun-18-2024-run00, Jul-29-2024-run00, Sep-24-2024-run00, Oct-04-2024-run00]",0.03894,0.239,27.2205,0.1195,Vbd_best_20241007,IP104_CH22,104,27.4384,0.0769,0.2179000000000002,26.65,,0.5705000000000027,0.7884000000000029,104_22,104_2
10.73.137.104,1,2,19,23,FBK,"[Apr-22-2024-run01, Apr-23-2024-run00, Apr-27-2024-run00, May-02-2024-run00, May-09-2024-run00, May-17-2024-run00, May-28-2024-run00, Jun-18-2024-run00, Jul-29-2024-run00, Sep-24-2024-run00, Oct-04-2024-run00]",0.03897,0.22,27.279,0.0905,Vbd_best_20241007,IP104_CH23,104,28.0044,0.063,0.7254000000000005,26.77,,0.5090000000000003,1.2344000000000008,104_23,104_2
10.73.137.104,1,2,20,24,FBK,"[Apr-22-2024-run01, Apr-23-2024-run00, Apr-27-2024-run00, May-02-2024-run00, May-09-2024-run00, May-17-2024-run00, May-28-2024-run00, Jun-18-2024-run00, Jul-29-2024-run00, Sep-24-2024-run00, Oct-04-2024-run00]",0.03898,0.22,27.15,0.2588,Vbd_best_20241007,IP104_CH24,104,28.0083,0.0897,0.8582999999999998,26.74,,0.41000000000000014,1.2683,104_24,104_2
10.73.137.104,1,2,21,25,FBK,"[Apr-22-2024-run01, Apr-23-2024-run00, Apr-27-2024-run00, May-02-2024-run00, May-09-2024-run00, May-17-2024-run00, May-28-2024-run00, Jun-18-2024-run00, Jul-29-2024-run00, Sep-24-2024-run00, Oct-04-2024-run00]",0.039,0.201,27.1235,0.1336,Vbd_best_20241007,IP104_CH25,104,27.3563,0.1026,0.232800000000001,26.86,,0.2635000000000005,0.4963000000000015,104_25,104_2
10.73.137.104,1,2,22,26,FBK,"[Apr-22-2024-run01, Apr-23-2024-run00, Apr-27-2024-run00, May-02-2024-run00, May-09-2024-run00, May-17-2024-run00, May-28-2024-run00, Jun-18-2024-run00, Jul-29-2024-run00, Sep-24-2024-run00, Oct-04-2024-run00]",0.03902,0.196,27.3085,0.0163,Vbd_best_20241007,IP104_CH26,104,28.0189,0.0596,0.7103999999999999,26.66,,0.6484999999999985,1.3588999999999984,104_26,104_2
10.73.137.104,1,2,23,27,FBK,"[Apr-22-2024-run01, Apr-23-2024-run00, Apr-27-2024-run00, May-02-2024-run00, May-09-2024-run00, May-17-2024-run00, May-28-2024-run00, Jun-18-2024-run00, Jul-29-2024-run00, Sep-24-2024-run00, Oct-04-2024-run00]",0.03898,0.213,26.983,0.0283,Vbd_best_20241007,IP104_CH27,104,27.3084,0.0827,0.32539999999999836,26.8,,0.18299999999999983,0.5083999999999982,104_27,104_2
10.73.137.104,1,3,24,30,HPK,"[Apr-22-2024-run01, Apr-23-2024-run00, Apr-27-2024-run00, May-02-2024-run00, May-09-2024-run00, May-17-2024-run00, May-28-2024-run00, Jun-18-2024-run00, Jul-29-2024-run00, Sep-24-2024-run00, Oct-04-2024-run00]",0.03882,1.4035,42.0775,0.0431,Vbd_best_20241007,IP104_CH30,104,41.8102,0.0244,-0.26729999999999876,41.41,,0.667500000000004,0.4002000000000052,104_30,104_3
10.73.137.104,1,3,25,31,HPK,"[Apr-22-2024-run01, Apr-23-2024-run00, Apr-27-2024-run00, May-02-2024-run00, May-09-2024-run00, May-17-2024-run00, May-28-2024-run00, Jun-18-2024-run00, Jul-29-2024-run00, Sep-24-2024-run00, Oct-04-2024-run00]",0.0388,1.4135,42.054,0.0368,Vbd_best_20241007,IP104_CH31,104,41.7777,0.027,-0.2762999999999991,41.36,,0.6940000000000026,0.4177000000000035,104_31,104_3
10.73.137.104,1,3,26,32,HPK,"[Apr-22-2024-run01, Apr-23-2024-run00, Apr-27-2024-run00, May-02-2024-run00, May-09-2024-run00, May-17-2024-run00, May-28-2024-run00, Jun-18-2024-run00, Jul-29-2024-run00, Sep-24-2024-run00, Oct-04-2024-run00]",0.03881,1.4175,42.0325,0.0205,Vbd_best_20241007,IP104_CH32,104,41.8079,0.0644,-0.22460000000000235,41.39,,0.6424999999999983,0.41789999999999594,104_32,104_3
10.73.137.104,1,3,27,33,HPK,"[Apr-22-2024-run01, Apr-23-2024-run00, Apr-27-2024-run00, May-02-2024-run00, May-09-2024-run00, May-17-2024-run00, May-28-2024-run00, Jun-18-2024-run00, Jul-29-2024-run00, Sep-24-2024-run00, Oct-04-2024-run00]",0.03885,1.377,41.963,0.0014,Vbd_best_20241007,IP104_CH33,104,41.7241,0.0522,-0.238900000000001,41.34,,0.6229999999999976,0.38409999999999656,104_33,104_3
10.73.137.104,1,3,28,34,HPK,"[Apr-22-2024-run01, Apr-23-2024-run00, Apr-27-2024-run00, May-02-2024-run00, May-09-2024-run00, May-17-2024-run00, May-28-2024-run00, Jun-18-2024-run00, Jul-29-2024-run00, Sep-24-2024-run00, Oct-04-2024-run00]",0.03886,1.376,42.102,0.0651,Vbd_best_20241007,IP104_CH34,104,41.8094,0.0333,-0.2926000000000002,41.41,,0.6920000000000002,0.3994,104_34,104_3
10.73.137.104,1,3,29,35,HPK,"[Apr-22-2024-run01, Apr-23-2024-run00, Apr-27-2024-run00, May-02-2024-run00, May-09-2024-run00, May-17-2024-run00, May-28-2024-run00, Jun-18-2024-run00, Jul-29-2024-run00, Sep-24-2024-run00, Oct-04-2024-run00]",0.03886,1.371,42.096,0.058,Vbd_best_20241007,IP104_CH35,104,41.8183,0.0442,-0.27769999999999584,41.41,,0.6859999999999999,0.4083000000000041,104_35,104_3
10.73.137.104,1,3,30,36,HPK,"[Apr-22-2024-run01, Apr-23-2024-run00, Apr-27-2024-run00, May-02-2024-run00, May-09-2024-run00, May-17-2024-run00, May-28-2024-run00, Jun-18-2024-run00, Jul-29-2024-run00, Sep-24-2024-run00, Oct-04-2024-run00]",0.0388,1.4145,42.027,0.0226,Vbd_best_20241007,IP104_CH36,104,41.8681,0.0444,-0.1589000000000027,41.47,,0.5570000000000022,0.39809999999999945,104_36,104_3
10.73.137.104,1,3,31,37,HPK,"[Apr-22-2024-run01, Apr-23-2024-run00, Apr-27-2024-run00, May-02-2024-run00, May-09-2024-run00, May-17-2024-run00, May-28-2024-run00, Jun-18-2024-run00, Jul-29-2024-run00, Sep-24-2024-run00, Oct-04-2024-run00]",0.03882,1.401,42.0275,0.0064,Vbd_best_20241007,IP104_CH37,104,41.7858,0.0673,-0.24170000000000158,41.3,,0.7275000000000063,0.4858000000000047,104_37,104_3
10.73.137.104,1,4,32,40,HPK,"[Apr-22-2024-run01, Apr-23-2024-run00, Apr-27-2024-run00, May-02-2024-run00, May-09-2024-run00, May-17-2024-run00, May-28-2024-run00, Jun-18-2024-run00, Jul-29-2024-run00, Sep-24-2024-run00, Oct-04-2024-run00]",0.03927,0.411,42.1365,0.0488,Vbd_best_20241007,IP104_CH40,104,42.0113,0.0392,-0.12519999999999953,41.48,,0.6565000000000012,0.5313000000000017,104_40,104_4
10.73.137.104,1,4,33,41,HPK,"[Apr-22-2024-run01, Apr-23-2024-run00, Apr-27-2024-run00, May-02-2024-run00, May-09-2024-run00, May-17-2024-run00, May-28-2024-run00, Jun-18-2024-run00, Jul-29-2024-run00, Sep-24-2024-run00, Oct-04-2024-run00]",0.03937,0.3225,41.82,0.0495,Vbd_best_20241007,IP104_CH41,104,42.7281,0.2157,0.9080999999999975,41.76,,0.060000000000002274,0.9680999999999997,104_41,104_4
10.73.137.104,1,4,34,42,HPK,"[Apr-22-2024-run01, Apr-23-2024-run00, Apr-27-2024-run00, May-02-2024-run00, May-09-2024-run00, May-17-2024-run00, May-28-2024-run00, Jun-18-2024-run00, Jul-29-2024-run00, Sep-24-2024-run00, Oct-04-2024-run00]",0.03927,0.4045,42.1385,0.0389,Vbd_best_20241007,IP104_CH42,104,42.0868,0.0634,-0.051700000000003854,41.49,,0.6484999999999985,0.5967999999999947,104_42,104_4
10.73.137.104,1,4,35,43,HPK,"[Apr-22-2024-run01, Apr-23-2024-run00, Apr-27-2024-run00, May-02-2024-run00, May-09-2024-run00, May-17-2024-run00, May-28-2024-run00, Jun-18-2024-run00, Jul-29-2024-run00, Sep-24-2024-run00, Oct-04-2024-run00]",0.03925,0.422,42.5295,0.0276,Vbd_best_20241007,IP104_CH43,104,42.8907,0.0909,0.36120000000000374,41.88,,0.6494999999999962,1.0107,104_43,104_4
10.73.137.104,1,4,36,44,HPK,"[Apr-22-2024-run01, Apr-23-2024-run00, Apr-27-2024-run00, May-02-2024-run00, May-09-2024-run00, May-17-2024-run00, May-28-2024-run00, Jun-18-2024-run00, Jul-29-2024-run00, Sep-24-2024-run00, Oct-04-2024-run00]",0.03923,0.45,42.199,0.0325,Vbd_best_20241007,IP104_CH44,104,42.5978,0.2098,0.3988000000000014,41.51,,0.6890000000000001,1.0878000000000014,104_44,104_4
10.73.137.104,1,4,37,45,HPK,"[Apr-22-2024-run01, Apr-23-2024-run00, Apr-27-2024-run00, May-02-2024-run00, May-09-2024-run00, May-17-2024-run00, May-28-2024-run00, Jun-18-2024-run00, Jul-29-2024-run00, Sep-24-2024-run00, Oct-04-2024-run00]",0.03925,0.424,42.1455,0.0078,Vbd_best_20241007,IP104_CH45,104,42.0453,0.0486,-0.10020000000000095,41.44,,0.7055000000000007,0.6052999999999997,104_45,104_4
10.73.137.104,1,4,38,46,HPK,"[Apr-22-2024-run01, Apr-23-2024-run00, Apr-27-2024-run00, May-02-2024-run00, May-09-2024-run00, May-17-2024-run00, May-28-2024-run00, Jun-18-2024-run00, Jul-29-2024-run00, Sep-24-2024-run00, Oct-04-2024-run00]",0.03924,0.44,42.131,0.024,Vbd_best_20241007,IP104_CH46,104,42.6267,0.1633,0.49569999999999936,41.48,,0.6510000000000034,1.1467000000000027,104_46,104_4
10.73.137.104,1,4,39,47,HPK,"[Apr-22-2024-run01, Apr-23-2024-run00, Apr-27-2024-run00, May-02-2024-run00, May-09-2024-run00, May-17-2024-run00, May-28-2024-run00, Jun-18-2024-run00, Jul-29-2024-run00, Sep-24-2024-run00, Oct-04-2024-run00]",0.03921,0.475,42.1065,0.0092,Vbd_best_20241007,IP104_CH47,104,42.043,0.0502,-0.06349999999999767,41.46,,0.6464999999999961,0.5829999999999984,104_47,104_4
10.73.137.109,2,0,0,0,FBK,"[Apr-22-2024-run01, Apr-23-2024-run00, Apr-27-2024-run00, May-02-2024-run00, May-09-2024-run00, May-17-2024-run00, May-28-2024-run00, Jun-18-2024-run00, Jul-29-2024-run00, Sep-24-2024-run00, Oct-04-2024-run00]",0.0391,0.80355,27.5035,0.1246,Vbd_best_20241007,IP109_CH00,109,27.5274,0.1226,0.023900000000001143,27.09,,0.4134999999999991,0.43740000000000023,109_00,109_0
10.73.137.109,2,0,1,1,FBK,"[Apr-22-2024-run01, Apr-23-2024-run00, Apr-27-2024-run00, May-02-2024-run00, May-09-2024-run00, May-17-2024-run00, May-28-2024-run00, Jun-18-2024-run00, Jul-29-2024-run00, Sep-24-2024-run00, Oct-04-2024-run00]",0.03913,0.78264,27.4338,0.0699,Vbd_best_20241007,IP109_CH01,109,27.4446,0.0722,0.010799999999999699,26.76,,0.6738,0.6845999999999997,109_01,109_0
10.73.137.109,2,0,2,2,FBK,"[Apr-22-2024-run01, Apr-23-2024-run00, Apr-27-2024-run00, May-02-2024-run00, May-09-2024-run00, May-17-2024-run00, May-28-2024-run00, Jun-18-2024-run00, Jul-29-2024-run00, Sep-24-2024-run00, Oct-04-2024-run00]",0.03913,0.78045,27.7195,0.1359,Vbd_best_20241007,IP109_CH02,109,27.6907,0.118,-0.02880000000000038,27.22,,0.49950000000000117,0.4707000000000008,109_02,109_0
10.73.137.109,2,0,3,3,FBK,"[Apr-22-2024-run01, Apr-23-2024-run00, Apr-27-2024-run00, May-02-2024-run00, May-09-2024-run00, May-17-2024-run00, May-28-2024-run00, Jun-18-2024-run00, Jul-29-2024-run00, Sep-24-2024-run00, Oct-04-2024-run00]",0.03911,0.79227,27.433,0.0793,Vbd_best_20241007,IP109_CH03,109,27.4529,0.0736,0.019899999999999807,26.87,,0.5629999999999988,0.5828999999999986,109_03,109_0
10.73.137.109,2,0,4,4,FBK,"[Apr-22-2024-run01, Apr-23-2024-run00, Apr-27-2024-run00, May-02-2024-run00, May-09-2024-run00, May-17-2024-run00, May-28-2024-run00, Jun-18-2024-run00, Jul-29-2024-run00, Sep-24-2024-run00, Oct-04-2024-run00]",0.03915,0.76909,27.6238,0.0763,Vbd_best_20241007,IP109_CH04,109,27.6366,0.0792,0.012800000000002143,27.16,,0.4637999999999991,0.47660000000000124,109_04,109_0
10.73.137.109,2,0,5,5,FBK,"[Apr-22-2024-run01, Apr-23-2024-run00, Apr-27-2024-run00, May-02-2024-run00, May-09-2024-run00, May-17-2024-run00, May-28-2024-run00, Jun-18-2024-run00, Jul-29-2024-run00, Sep-24-2024-run00, Oct-04-2024-run00]",0.03911,0.798,27.4492,0.0783,Vbd_best_20241007,IP109_CH05,109,27.4523,0.0855,0.0030999999999998806,26.73,,0.7192000000000007,0.7223000000000006,109_05,109_0
10.73.137.109,2,0,6,6,FBK,"[Apr-22-2024-run01, Apr-23-2024-run00, Apr-27-2024-run00, May-02-2024-run00, May-09-2024-run00, May-17-2024-run00, May-28-2024-run00, Jun-18-2024-run00, Jul-29-2024-run00, Sep-24-2024-run00, Oct-04-2024-run00]",0.03909,0.80518,27.6747,0.1112,Vbd_best_20241007,IP109_CH06,109,27.6819,0.0973,0.007199999999997431,26.94,,0.7347000000000001,0.7418999999999976,109_06,109_0
10.73.137.109,2,0,7,7,FBK,"[Apr-22-2024-run01, Apr-23-2024-run00, Apr-27-2024-run00, May-02-2024-run00, May-09-2024-run00, May-17-2024-run00, May-28-2024-run00, Jun-18-2024-run00, Jul-29-2024-run00, Sep-24-2024-run00, Oct-04-2024-run00]",0.03911,0.79682,27.4177,0.0784,Vbd_best_20241007,IP109_CH07,109,27.4271,0.0835,0.009399999999999409,26.65,,0.7677000000000014,0.7771000000000008,109_07,109_0
10.73.137.109,2,1,8,10,FBK,"[Apr-22-2024-run01, Apr-23-2024-run00, Apr-27-2024-run00, May-02-2024-run00, May-09-2024-run00, May-17-2024-run00, May-28-2024-run00, Jun-18-2024-run00, Jul-29-2024-run00, Sep-24-2024-run00, Oct-04-2024-run00]",,,,,Vbd_best_20241007,IP109_CH10,109,,,,,,,,109_10,109_1
10.73.137.109,2,1,9,11,FBK,"[Apr-22-2024-run01, Apr-23-2024-run00, Apr-27-2024-run00, May-02-2024-run00, May-09-2024-run00, May-17-2024-run00, May-28-2024-run00, Jun-18-2024-run00, Jul-29-2024-run00, Sep-24-2024-run00, Oct-04-2024-run00]",,,,,Vbd_best_20241007,IP109_CH11,109,,,,,,,,109_11,109_1
10.73.137.109,2,1,10,12,FBK,"[Apr-22-2024-run01, Apr-23-2024-run00, Apr-27-2024-run00, May-02-2024-run00, May-09-2024-run00, May-17-2024-run00, May-28-2024-run00, Jun-18-2024-run00, Jul-29-2024-run00, Sep-24-2024-run00, Oct-04-2024-run00]",0.03945,-0.33555,27.3493,0.0612,Vbd_best_20241007,IP109_CH12,109,27.3643,0.0565,0.015000000000000568,27.25,,0.0992999999999995,0.11430000000000007,109_12,109_1
10.73.137.109,2,1,11,13,FBK,"[Apr-22-2024-run01, Apr-23-2024-run00, Apr-27-2024-run00, May-02-2024-run00, May-09-2024-run00, May-17-2024-run00, May-28-2024-run00, Jun-18-2024-run00, Jul-29-2024-run00, Sep-24-2024-run00, Oct-04-2024-run00]",,,,,Vbd_best_20241007,IP109_CH13,109,,,,,,,,109_13,109_1
10.73.137.109,2,1,12,14,FBK,"[Apr-22-2024-run01, Apr-23-2024-run00, Apr-27-2024-run00, May-02-2024-run00, May-09-2024-run00, May-17-2024-run00, May-28-2024-run00, Jun-18-2024-run00, Jul-29-2024-run00, Sep-24-2024-run00, Oct-04-2024-run00]",,,,,Vbd_best_20241007,IP109_CH14,109,,,,,,,,109_14,109_1
10.73.137.109,2,1,13,15,FBK,"[Apr-22-2024-run01, Apr-23-2024-run00, Apr-27-2024-run00, May-02-2024-run00, May-09-2024-run00, May-17-2024-run00, May-28-2024-run00, Jun-18-2024-run00, Jul-29-2024-run00, Sep-24-2024-run00, Oct-04-2024-run00]",0.03947,-0.34436,27.2698,0.1067,Vbd_best_20241007,IP109_CH15,109,27.2858,0.1101,0.015999999999998238,27.08,,0.18980000000000175,0.20579999999999998,109_15,109_1
10.73.137.109,2,1,14,16,FBK,"[Apr-22-2024-run01, Apr-23-2024-run00, Apr-27-2024-run00, May-02-2024-run00, May-09-2024-run00, May-17-2024-run00, May-28-2024-run00, Jun-18-2024-run00, Jul-29-2024-run00, Sep-24-2024-run00, Oct-04-2024-run00]",,,,,Vbd_best_20241007,IP109_CH16,109,,,,,,,,109_16,109_1
10.73.137.109,2,1,15,17,FBK,"[Apr-22-2024-run01, Apr-23-2024-run00, Apr-27-2024-run00, May-02-2024-run00, May-09-2024-run00, May-17-2024-run00, May-28-2024-run00, Jun-18-2024-run00, Jul-29-2024-run00, Sep-24-2024-run00, Oct-04-2024-run00]",,,,,Vbd_best_20241007,IP109_CH17,109,,,,,,,,109_17,109_1
10.73.137.109,2,2,16,20,HPK,"[Apr-22-2024-run01, Apr-23-2024-run00, Apr-27-2024-run00, May-02-2024-run00, May-09-2024-run00, May-17-2024-run00, May-28-2024-run00, Jun-18-2024-run00, Jul-29-2024-run00, Sep-24-2024-run00, Oct-04-2024-run00]",0.03914,0.14027,41.8193,0.1455,Vbd_best_20241007,IP109_CH20,109,41.857,0.1312,0.037700000000000955,41.27,,0.5492999999999952,0.5869999999999962,109_20,109_2
10.73.137.109,2,2,17,21,HPK,"[Apr-22-2024-run01, Apr-23-2024-run00, Apr-27-2024-run00, May-02-2024-run00, May-09-2024-run00, May-17-2024-run00, May-28-2024-run00, Jun-18-2024-run00, Jul-29-2024-run00, Sep-24-2024-run00, Oct-04-2024-run00]",0.03914,0.14236,41.8752,0.1882,Vbd_best_20241007,IP109_CH21,109,41.9206,0.0461,0.04540000000000077,41.31,,0.5651999999999973,0.610599999999998,109_21,109_2
10.73.137.109,2,2,18,22,HPK,"[Apr-22-2024-run01, Apr-23-2024-run00, Apr-27-2024-run00, May-02-2024-run00, May-09-2024-run00, May-17-2024-run00, May-28-2024-run00, Jun-18-2024-run00, Jul-29-2024-run00, Sep-24-2024-run00, Oct-04-2024-run00]",0.03913,0.14936,41.9485,0.1214,Vbd_best_20241007,IP109_CH22,109,41.9838,0.0991,0.03529999999999944,41.3,,0.6485000000000056,0.6838000000000051,109_22,109_2
10.73.137.109,2,2,19,23,HPK,"[Apr-22-2024-run01, Apr-23-2024-run00, Apr-27-2024-run00, May-02-2024-run00, May-09-2024-run00, May-17-2024-run00, May-28-2024-run00, Jun-18-2024-run00, Jul-29-2024-run00, Sep-24-2024-run00, Oct-04-2024-run00]",0.03915,0.13273,42.3486,0.0459,Vbd_best_20241007,IP109_CH23,109,42.3578,0.0442,0.009199999999999875,41.74,,0.6085999999999956,0.6177999999999955,109_23,109_2
10.73.137.109,2,2,20,24,HPK,"[Apr-22-2024-run01, Apr-23-2024-run00, Apr-27-2024-run00, May-02-2024-run00, May-09-2024-run00, May-17-2024-run00, May-28-2024-run00, Jun-18-2024-run00, Jul-29-2024-run00, Sep-24-2024-run00, Oct-04-2024-run00]",0.03915,0.13745,42.3768,0.0899,Vbd_best_20241007,IP109_CH24,109,42.3791,0.0921,0.0022999999999981924,41.76,,0.6168000000000049,0.6191000000000031,109_24,109_2
10.73.137.109,2,2,21,25,HPK,"[Apr-22-2024-run01, Apr-23-2024-run00, Apr-27-2024-run00, May-02-2024-run00, May-09-2024-run00, May-17-2024-run00, May-28-2024-run00, Jun-18-2024-run00, Jul-29-2024-run00, Sep-24-2024-run00, Oct-04-2024-run00]",0.03912,0.16473,42.0387,0.0789,Vbd_best_20241007,IP109_CH25,109,42.0489,0.0807,0.01020000000000465,41.38,,0.6586999999999961,0.6689000000000007,109_25,109_2
10.73.137.109,2,2,22,26,HPK,"[Apr-22-2024-run01, Apr-23-2024-run00, Apr-27-2024-run00, May-02-2024-run00, May-09-2024-run00, May-17-2024-run00, May-28-2024-run00, Jun-18-2024-run00, Jul-29-2024-run00, Sep-24-2024-run00, Oct-04-2024-run00]",0.03913,0.15845,42.3895,0.0862,Vbd_best_20241007,IP109_CH26,109,42.406,0.0862,0.016500000000000625,41.82,,0.5694999999999979,0.5859999999999985,109_26,109_2
10.73.137.109,2,2,23,27,HPK,"[Apr-22-2024-run01, Apr-23-2024-run00, Apr-27-2024-run00, May-02-2024-run00, May-09-2024-run00, May-17-2024-run00, May-28-2024-run00, Jun-18-2024-run00, Jul-29-2024-run00, Sep-24-2024-run00, Oct-04-2024-run00]",0.03915,0.13382,42.1895,0.0681,Vbd_best_20241007,IP109_CH27,109,42.1959,0.0723,0.006399999999999295,41.43,,0.7595000000000027,0.765900000000002,109_27,109_2
10.73.137.109,2,3,24,30,HPK,"[Apr-22-2024-run01, Apr-23-2024-run00, Apr-27-2024-run00, May-02-2024-run00, May-09-2024-run00, May-17-2024-run00, May-28-2024-run00, Jun-18-2024-run00, Jul-29-2024-run00, Sep-24-2024-run00, Oct-04-2024-run00]",0.03898,0.28645,41.8185,0.0799,Vbd_best_20241007,IP109_CH30,109,41.8124,0.088,-0.006100000000003547,41.24,,0.5784999999999982,0.5723999999999947,109_30,109_3
10.73.137.109,2,3,25,31,HPK,"[Apr-22-2024-run01, Apr-23-2024-run00, Apr-27-2024-run00, May-02-2024-run00, May-09-2024-run00, May-17-2024-run00, May-28-2024-run00, Jun-18-2024-run00, Jul-29-2024-run00, Sep-24-2024-run00, Oct-04-2024-run00]",0.03896,0.30209,42.5936,0.0422,Vbd_best_20241007,IP109_CH31,109,42.5947,0.0465,0.001100000000000989,42.12,,0.4736000000000047,0.4747000000000057,109_31,109_3
10.73.137.109,2,3,26,32,HPK,"[Apr-22-2024-run01, Apr-23-2024-run00, Apr-27-2024-run00, May-02-2024-run00, May-09-2024-run00, May-17-2024-run00, May-28-2024-run00, Jun-18-2024-run00, Jul-29-2024-run00, Sep-24-2024-run00, Oct-04-2024-run00]",0.03895,0.30909,41.7775,0.0674,Vbd_best_20241007,IP109_CH32,109,41.7752,0.0751,-0.002300000000005298,41.15,,0.6275000000000048,0.6251999999999995,109_32,109_3
10.73.137.109,2,3,27,33,HPK,"[Apr-22-2024-run01, Apr-23-2024-run00, Apr-27-2024-run00, May-02-2024-run00, May-09-2024-run00, May-17-2024-run00, May-28-2024-run00, Jun-18-2024-run00, Jul-29-2024-run00, Sep-24-2024-run00, Oct-04-2024-run00]",0.03895,0.31609,41.7979,0.0788,Vbd_best_20241007,IP109_CH33,109,41.8026,0.0852,0.004699999999999704,,,,,109_33,109_3
10.73.137.109,2,3,28,34,HPK,"[Apr-22-2024-run01, Apr-23-2024-run00, Apr-27-2024-run00, May-02-2024-run00, May-09-2024-run00, May-17-2024-run00, May-28-2024-run00, Jun-18-2024-run00, Jul-29-2024-run00, Sep-24-2024-run00, Oct-04-2024-run00]",0.03899,0.27918,42.3585,0.0604,Vbd_best_20241007,IP109_CH34,109,42.3673,0.0617,0.008800000000000807,41.98,,0.3785000000000025,0.3873000000000033,109_34,109_3
10.73.137.109,2,3,29,35,HPK,"[Apr-22-2024-run01, Apr-23-2024-run00, Apr-27-2024-run00, May-02-2024-run00, May-09-2024-run00, May-17-2024-run00, May-28-2024-run00, Jun-18-2024-run00, Jul-29-2024-run00, Sep-24-2024-run00, Oct-04-2024-run00]",0.03898,0.28982,41.7955,0.0488,Vbd_best_20241007,IP109_CH35,109,41.7944,0.0535,-0.0010999999999938836,41.2,,0.5954999999999941,0.5944000000000003,109_35,109_3
10.73.137.109,2,3,30,36,HPK,"[Apr-22-2024-run01, Apr-23-2024-run00, Apr-27-2024-run00, May-02-2024-run00, May-09-2024-run00, May-17-2024-run00, May-28-2024-run00, Jun-18-2024-run00, Jul-29-2024-run00, Sep-24-2024-run00, Oct-04-2024-run00]",0.03899,0.27473,42.4845,0.1639,Vbd_best_20241007,IP109_CH36,109,42.4997,0.15,0.015200000000000102,42.24,,0.24449999999999505,0.25969999999999516,109_36,109_3
10.73.137.109,2,3,31,37,HPK,"[Apr-22-2024-run01, Apr-23-2024-run00, Apr-27-2024-run00, May-02-2024-run00, May-09-2024-run00, May-17-2024-run00, May-28-2024-run00, Jun-18-2024-run00, Jul-29-2024-run00, Sep-24-2024-run00, Oct-04-2024-run00]",0.03896,0.30118,41.7506,0.0523,Vbd_best_20241007,IP109_CH37,109,41.7504,0.0576,-0.00019999999999953388,41.17,,0.5805999999999969,0.5803999999999974,109_37,109_3
10.73.137.109,2,4,32,40,HPK,"[Apr-22-2024-run01, Apr-23-2024-run00, Apr-27-2024-run00, May-02-2024-run00, May-09-2024-run00, May-17-2024-run00, May-28-2024-run00, Jun-18-2024-run00, Jul-29-2024-run00, Sep-24-2024-run00, Oct-04-2024-run00]",0.03934,0.98982,41.7248,0.0506,Vbd_best_20241007,IP109_CH40,109,41.7203,0.0521,-0.0045000000000001705,41.28,,0.44480000000000075,0.4403000000000006,109_40,109_4
10.73.137.109,2,4,33,41,HPK,"[Apr-22-2024-run01, Apr-23-2024-run00, Apr-27-2024-run00, May-02-2024-run00, May-09-2024-run00, May-17-2024-run00, May-28-2024-run00, Jun-18-2024-run00, Jul-29-2024-run00, Sep-24-2024-run00, Oct-04-2024-run00]",0.03934,0.98382,41.5687,0.0543,Vbd_best_20241007,IP109_CH41,109,41.567,0.0604,-0.0016999999999995907,41.06,,0.5086999999999975,0.5069999999999979,109_41,109_4
10.73.137.109,2,4,34,42,HPK,"[Apr-22-2024-run01, Apr-23-2024-run00, Apr-27-2024-run00, May-02-2024-run00, May-09-2024-run00, May-17-2024-run00, May-28-2024-run00, Jun-18-2024-run00, Jul-29-2024-run00, Sep-24-2024-run00, Oct-04-2024-run00]",0.03937,0.96418,42.2411,0.0477,Vbd_best_20241007,IP109_CH42,109,42.2329,0.0492,-0.008200000000002206,41.83,,0.4111000000000047,0.4029000000000025,109_42,109_4
10.73.137.109,2,4,35,43,HPK,"[Apr-22-2024-run01, Apr-23-2024-run00, Apr-27-2024-run00, May-02-2024-run00, May-09-2024-run00, May-17-2024-run00, May-28-2024-run00, Jun-18-2024-run00, Jul-29-2024-run00, Sep-24-2024-run00, Oct-04-2024-run00]",0.03939,0.94155,41.9939,0.0516,Vbd_best_20241007,IP109_CH43,109,41.9902,0.0558,-0.0036999999999949296,41.5,,0.49389999999999645,0.4902000000000015,109_43,109_4
10.73.137.109,2,4,36,44,HPK,"[Apr-22-2024-run01, Apr-23-2024-run00, Apr-27-2024-run00, May-02-2024-run00, May-09-2024-run00, May-17-2024-run00, May-28-2024-run00, Jun-18-2024-run00, Jul-29-2024-run00, Sep-24-2024-run00, Oct-04-2024-run00]",0.03936,0.9747,42.1072,0.0675,Vbd_best_20241007,IP109_CH44,109,42.1109,0.0705,0.003700000000002035,41.67,,0.43719999999999715,0.4408999999999992,109_44,109_4
10.73.137.109,2,4,37,45,HPK,"[Apr-22-2024-run01, Apr-23-2024-run00, Apr-27-2024-run00, May-02-2024-run00, May-09-2024-run00, May-17-2024-run00, May-28-2024-run00, Jun-18-2024-run00, Jul-29-2024-run00, Sep-24-2024-run00, Oct-04-2024-run00]",0.03934,0.98727,41.6081,0.0256,Vbd_best_20241007,IP109_CH45,109,41.6078,0.0281,-0.00030000000000285354,41.18,,0.4281000000000006,0.42779999999999774,109_45,109_4
10.73.137.109,2,4,38,46,HPK,"[Apr-22-2024-run01, Apr-23-2024-run00, Apr-27-2024-run00, May-02-2024-run00, May-09-2024-run00, May-17-2024-run00, May-28-2024-run00, Jun-18-2024-run00, Jul-29-2024-run00, Sep-24-2024-run00, Oct-04-2024-run00]",0.03936,0.97009,42.0018,0.0288,Vbd_best_20241007,IP109_CH46,109,41.9996,0.0312,-0.002200000000001978,41.58,,0.4218000000000046,0.41960000000000264,109_46,109_4
10.73.137.109,2,4,39,47,HPK,"[Apr-22-2024-run01, Apr-23-2024-run00, Apr-27-2024-run00, May-02-2024-run00, May-09-2024-run00, May-17-2024-run00, May-28-2024-run00, Jun-18-2024-run00, Jul-29-2024-run00, Sep-24-2024-run00, Oct-04-2024-run00]",0.03935,0.98427,41.6419,0.0578,Vbd_best_20241007,IP109_CH47,109,41.6394,0.0634,-0.0024999999999977263,41.26,,0.3819000000000017,0.37940000000000396,109_47,109_4
10.73.137.111,3,0,0,0,FBK,"[Apr-22-2024-run01, Apr-23-2024-run00, Apr-27-2024-run00, May-02-2024-run00, May-09-2024-run00, May-17-2024-run00, May-28-2024-run00, Jun-18-2024-run00, Jul-29-2024-run00, Sep-24-2024-run00, Oct-04-2024-run00]",0.03929,0.33345,27.3676,0.0582,Vbd_best_20241007,IP111_CH00,111,27.3751,0.0596,0.007500000000000284,,,,,111_00,111_0
10.73.137.111,3,0,1,1,FBK,"[Apr-22-2024-run01, Apr-23-2024-run00, Apr-27-2024-run00, May-02-2024-run00, May-09-2024-run00, May-17-2024-run00, May-28-2024-run00, Jun-18-2024-run00, Jul-29-2024-run00, Sep-24-2024-run00, Oct-04-2024-run00]",0.03922,0.374,27.4986,0.1161,Vbd_best_20241007,IP111_CH01,111,27.5223,0.1144,0.02370000000000161,,,,,111_01,111_0
10.73.137.111,3,0,2,2,FBK,"[Apr-22-2024-run01, Apr-23-2024-run00, Apr-27-2024-run00, May-02-2024-run00, May-09-2024-run00, May-17-2024-run00, May-28-2024-run00, Jun-18-2024-run00, Jul-29-2024-run00, Sep-24-2024-run00, Oct-04-2024-run00]",0.03931,0.32009,27.4494,0.0667,Vbd_best_20241007,IP111_CH02,111,27.4559,0.0695,0.006499999999999062,,,,,111_02,111_0
10.73.137.111,3,0,3,3,FBK,"[Apr-22-2024-run01, Apr-23-2024-run00, Apr-27-2024-run00, May-02-2024-run00, May-09-2024-run00, May-17-2024-run00, May-28-2024-run00, Jun-18-2024-run00, Jul-29-2024-run00, Sep-24-2024-run00, Oct-04-2024-run00]",0.03927,0.34818,27.4962,0.0874,Vbd_best_20241007,IP111_CH03,111,27.5123,0.0891,0.016099999999998005,,,,,111_03,111_0
10.73.137.111,3,0,4,4,FBK,"[Apr-22-2024-run01, Apr-23-2024-run00, Apr-27-2024-run00, May-02-2024-run00, May-09-2024-run00, May-17-2024-run00, May-28-2024-run00, Jun-18-2024-run00, Jul-29-2024-run00, Sep-24-2024-run00, Oct-04-2024-run00]",0.03928,0.33945,27.5938,0.1325,Vbd_best_20241007,IP111_CH04,111,27.6069,0.1429,0.013099999999997891,,,,,111_04,111_0
10.73.137.111,3,0,5,5,FBK,"[Apr-22-2024-run01, Apr-23-2024-run00, Apr-27-2024-run00, May-02-2024-run00, May-09-2024-run00, May-17-2024-run00, May-28-2024-run00, Jun-18-2024-run00, Jul-29-2024-run00, Sep-24-2024-run00, Oct-04-2024-run00]",0.03927,0.34436,27.4736,0.0502,Vbd_best_20241007,IP111_CH05,111,27.4826,0.0504,0.009000000000000341,,,,,111_05,111_0
10.73.137.111,3,0,6,6,FBK,"[Apr-22-2024-run01, Apr-23-2024-run00, Apr-27-2024-run00, May-02-2024-run00, May-09-2024-run00, May-17-2024-run00, May-28-2024-run00, Jun-18-2024-run00, Jul-29-2024-run00, Sep-24-2024-run00, Oct-04-2024-run00]",0.03928,0.33809,27.5268,0.1275,Vbd_best_20241007,IP111_CH06,111,27.5512,0.1211,0.024399999999999977,,,,,111_06,111_0
10.73.137.111,3,0,7,7,FBK,"[Apr-22-2024-run01, Apr-23-2024-run00, Apr-27-2024-run00, May-02-2024-run00, May-09-2024-run00, May-17-2024-run00, May-28-2024-run00, Jun-18-2024-run00, Jul-29-2024-run00, Sep-24-2024-run00, Oct-04-2024-run00]",0.03928,0.33973,27.4546,0.07,Vbd_best_20241007,IP111_CH07,111,27.4561,0.0678,0.0015000000000000568,,,,,111_07,111_0
10.73.137.111,3,1,8,10,FBK,"[Apr-22-2024-run01, Apr-23-2024-run00, Apr-27-2024-run00, May-02-2024-run00, May-09-2024-run00, May-17-2024-run00, May-28-2024-run00, Jun-18-2024-run00, Jul-29-2024-run00, Sep-24-2024-run00, Oct-04-2024-run00]",0.03896,0.43755,27.3133,0.1329,Vbd_best_20241007,IP111_CH10,111,27.328,0.1439,0.014699999999997715,,,,,111_10,111_1
10.73.137.111,3,1,9,11,FBK,"[Apr-22-2024-run01, Apr-23-2024-run00, Apr-27-2024-run00, May-02-2024-run00, May-09-2024-run00, May-17-2024-run00, May-28-2024-run00, Jun-18-2024-run00, Jul-29-2024-run00, Sep-24-2024-run00, Oct-04-2024-run00]",0.03898,0.42864,27.4348,0.1065,Vbd_best_20241007,IP111_CH11,111,27.4683,0.0712,0.033500000000000085,,,,,111_11,111_1
10.73.137.111,3,1,10,12,FBK,"[Apr-22-2024-run01, Apr-23-2024-run00, Apr-27-2024-run00, May-02-2024-run00, May-09-2024-run00, May-17-2024-run00, May-28-2024-run00, Jun-18-2024-run00, Jul-29-2024-run00, Sep-24-2024-run00, Oct-04-2024-run00]",0.03899,0.42336,27.4055,0.09,Vbd_best_20241007,IP111_CH12,111,27.4308,0.0784,0.025300000000001432,,,,,111_12,111_1
10.73.137.111,3,1,11,13,FBK,"[Apr-22-2024-run01, Apr-23-2024-run00, Apr-27-2024-run00, May-02-2024-run00, May-09-2024-run00, May-17-2024-run00, May-28-2024-run00, Jun-18-2024-run00, Jul-29-2024-run00, Sep-24-2024-run00, Oct-04-2024-run00]",0.03898,0.42827,27.5791,0.0767,Vbd_best_20241007,IP111_CH13,111,27.5957,0.0735,0.016600000000000392,,,,,111_13,111_1
10.73.137.111,3,1,12,14,FBK,"[Apr-22-2024-run01, Apr-23-2024-run00, Apr-27-2024-run00, May-02-2024-run00, May-09-2024-run00, May-17-2024-run00, May-28-2024-run00, Jun-18-2024-run00, Jul-29-2024-run00, Sep-24-2024-run00, Oct-04-2024-run00]",0.03896,0.443,27.444,0.078,Vbd_best_20241007,IP111_CH14,111,27.4614,0.0744,0.01740000000000208,,,,,111_14,111_1
10.73.137.111,3,1,13,15,FBK,"[Apr-22-2024-run01, Apr-23-2024-run00, Apr-27-2024-run00, May-02-2024-run00, May-09-2024-run00, May-17-2024-run00, May-28-2024-run00, Jun-18-2024-run00, Jul-29-2024-run00, Sep-24-2024-run00, Oct-04-2024-run00]",0.03895,0.44436,27.36,0.0881,Vbd_best_20241007,IP111_CH15,111,27.3827,0.0808,0.022700000000000387,,,,,111_15,111_1
10.73.137.111,3,1,14,16,FBK,"[Apr-22-2024-run01, Apr-23-2024-run00, Apr-27-2024-run00, May-02-2024-run00, May-09-2024-run00, May-17-2024-run00, May-28-2024-run00, Jun-18-2024-run00, Jul-29-2024-run00, Sep-24-2024-run00, Oct-04-2024-run00]",0.039,0.41791,27.559,0.0958,Vbd_best_20241007,IP111_CH16,111,27.5742,0.0945,0.015200000000000102,,,,,111_16,111_1
10.73.137.111,3,1,15,17,FBK,"[Apr-22-2024-run01, Apr-23-2024-run00, Apr-27-2024-run00, May-02-2024-run00, May-09-2024-run00, May-17-2024-run00, May-28-2024-run00, Jun-18-2024-run00, Jul-29-2024-run00, Sep-24-2024-run00, Oct-04-2024-run00]",0.039,0.41827,27.2754,0.0734,Vbd_best_20241007,IP111_CH17,111,27.3001,0.0434,0.024699999999999278,,,,,111_17,111_1
10.73.137.111,3,2,16,20,FBK,"[Apr-22-2024-run01, Apr-23-2024-run00, Apr-27-2024-run00, May-02-2024-run00, May-09-2024-run00, May-17-2024-run00, May-28-2024-run00, Jun-18-2024-run00, Jul-29-2024-run00, Sep-24-2024-run00, Oct-04-2024-run00]",0.03932,0.795,27.3018,0.065,Vbd_best_20241007,IP111_CH20,111,27.3114,0.0639,0.009599999999998943,,,,,111_20,111_2
10.73.137.111,3,2,17,21,FBK,"[Apr-22-2024-run01, Apr-23-2024-run00, Apr-27-2024-run00, May-02-2024-run00, May-09-2024-run00, May-17-2024-run00, May-28-2024-run00, Jun-18-2024-run00, Jul-29-2024-run00, Sep-24-2024-run00, Oct-04-2024-run00]",0.03933,0.79009,27.291,0.0617,Vbd_best_20241007,IP111_CH21,111,27.286,0.0677,-0.004999999999999005,,,,,111_21,111_2
10.73.137.111,3,2,18,22,FBK,"[Apr-22-2024-run01, Apr-23-2024-run00, Apr-27-2024-run00, May-02-2024-run00, May-09-2024-run00, May-17-2024-run00, May-28-2024-run00, Jun-18-2024-run00, Jul-29-2024-run00, Sep-24-2024-run00, Oct-04-2024-run00]",0.03929,0.81091,27.3325,0.1263,Vbd_best_20241007,IP111_CH22,111,27.3477,0.1329,0.015200000000000102,,,,,111_22,111_2
10.73.137.111,3,2,19,23,FBK,"[Apr-22-2024-run01, Apr-23-2024-run00, Apr-27-2024-run00, May-02-2024-run00, May-09-2024-run00, May-17-2024-run00, May-28-2024-run00, Jun-18-2024-run00, Jul-29-2024-run00, Sep-24-2024-run00, Oct-04-2024-run00]",0.03931,0.80073,27.6025,0.0881,Vbd_best_20241007,IP111_CH23,111,27.6137,0.0945,0.01120000000000232,27.28,,0.322499999999998,0.33370000000000033,111_23,111_2
10.73.137.111,3,2,20,24,FBK,"[Apr-22-2024-run01, Apr-23-2024-run00, Apr-27-2024-run00, May-02-2024-run00, May-09-2024-run00, May-17-2024-run00, May-28-2024-run00, Jun-18-2024-run00, Jul-29-2024-run00, Sep-24-2024-run00, Oct-04-2024-run00]",0.03933,0.79,27.6012,0.0464,Vbd_best_20241007,IP111_CH24,111,27.5934,0.0434,-0.007799999999999585,27.33,,0.27120000000000033,0.26340000000000074,111_24,111_2
10.73.137.111,3,2,21,25,FBK,"[Apr-22-2024-run01, Apr-23-2024-run00, Apr-27-2024-run00, May-02-2024-run00, May-09-2024-run00, May-17-2024-run00, May-28-2024-run00, Jun-18-2024-run00, Jul-29-2024-run00, Sep-24-2024-run00, Oct-04-2024-run00]",0.03929,0.81436,27.3219,0.0798,Vbd_best_20241007,IP111_CH25,111,27.3278,0.0855,0.00590000000000046,,,,,111_25,111_2
10.73.137.111,3,2,22,26,FBK,"[Apr-22-2024-run01, Apr-23-2024-run00, Apr-27-2024-run00, May-02-2024-run00, May-09-2024-run00, May-17-2024-run00, May-28-2024-run00, Jun-18-2024-run00, Jul-29-2024-run00, Sep-24-2024-run00, Oct-04-2024-run00]",0.03931,0.79873,27.6522,0.0533,Vbd_best_20241007,IP111_CH26,111,27.65,0.0594,-0.002200000000001978,27.78,,-0.12780000000000058,-0.13000000000000256,111_26,111_2
10.73.137.111,3,2,23,27,FBK,"[Apr-22-2024-run01, Apr-23-2024-run00, Apr-27-2024-run00, May-02-2024-run00, May-09-2024-run00, May-17-2024-run00, May-28-2024-run00, Jun-18-2024-run00, Jul-29-2024-run00, Sep-24-2024-run00, Oct-04-2024-run00]",0.03928,0.81636,27.3767,0.1086,Vbd_best_20241007,IP111_CH27,111,27.3647,0.1177,-0.012000000000000455,,,,,111_27,111_2
10.73.137.111,3,3,24,30,HPK,"[Apr-22-2024-run01, Apr-23-2024-run00, Apr-27-2024-run00, May-02-2024-run00, May-09-2024-run00, May-17-2024-run00, May-28-2024-run00, Jun-18-2024-run00, Jul-29-2024-run00, Sep-24-2024-run00, Oct-04-2024-run00]",0.03918,-0.20836,41.6534,0.0294,Vbd_best_20241007,IP111_CH30,111,41.6567,0.0316,0.0033000000000029672,,,,,111_30,111_3
10.73.137.111,3,3,25,31,HPK,"[Apr-22-2024-run01, Apr-23-2024-run00, Apr-27-2024-run00, May-02-2024-run00, May-09-2024-run00, May-17-2024-run00, May-28-2024-run00, Jun-18-2024-run00, Jul-29-2024-run00, Sep-24-2024-run00, Oct-04-2024-run00]",0.03917,-0.19682,42.1744,0.0382,Vbd_best_20241007,IP111_CH31,111,42.1828,0.0347,0.00840000000000174,41.7,,0.4743999999999957,0.48279999999999745,111_31,111_3
10.73.137.111,3,3,26,32,HPK,"[Apr-22-2024-run01, Apr-23-2024-run00, Apr-27-2024-run00, May-02-2024-run00, May-09-2024-run00, May-17-2024-run00, May-28-2024-run00, Jun-18-2024-run00, Jul-29-2024-run00, Sep-24-2024-run00, Oct-04-2024-run00]",0.03915,-0.17827,42.5354,0.0506,Vbd_best_20241007,IP111_CH32,111,42.5376,0.0561,0.0021999999999948727,42.28,,0.2554000000000016,0.2575999999999965,111_32,111_3
10.73.137.111,3,3,27,33,HPK,"[Apr-22-2024-run01, Apr-23-2024-run00, Apr-27-2024-run00, May-02-2024-run00, May-09-2024-run00, May-17-2024-run00, May-28-2024-run00, Jun-18-2024-run00, Jul-29-2024-run00, Sep-24-2024-run00, Oct-04-2024-run00]",0.03918,-0.20545,42.2005,0.0493,Vbd_best_20241007,IP111_CH33,111,42.2142,0.0428,0.013700000000000045,41.65,,0.5504999999999995,0.5641999999999996,111_33,111_3
10.73.137.111,3,3,28,34,HPK,"[Apr-22-2024-run01, Apr-23-2024-run00, Apr-27-2024-run00, May-02-2024-run00, May-09-2024-run00, May-17-2024-run00, May-28-2024-run00, Jun-18-2024-run00, Jul-29-2024-run00, Sep-24-2024-run00, Oct-04-2024-run00]",0.03916,-0.19318,42.1124,0.0424,Vbd_best_20241007,IP111_CH34,111,42.1232,0.0389,0.010799999999996146,41.56,,0.5523999999999987,0.5631999999999948,111_34,111_3
10.73.137.111,3,3,29,35,HPK,"[Apr-22-2024-run01, Apr-23-2024-run00, Apr-27-2024-run00, May-02-2024-run00, May-09-2024-run00, May-17-2024-run00, May-28-2024-run00, Jun-18-2024-run00, Jul-29-2024-run00, Sep-24-2024-run00, Oct-04-2024-run00]",0.03917,-0.19282,41.9109,0.0389,Vbd_best_20241007,IP111_CH35,111,41.9113,0.0415,0.00039999999999906777,41.36,,0.5508999999999986,0.5512999999999977,111_35,111_3
10.73.137.111,3,3,30,36,HPK,"[Apr-22-2024-run01, Apr-23-2024-run00, Apr-27-2024-run00, May-02-2024-run00, May-09-2024-run00, May-17-2024-run00, May-28-2024-run00, Jun-18-2024-run00, Jul-29-2024-run00, Sep-24-2024-run00, Oct-04-2024-run00]",0.03916,-0.18173,42.1888,0.0402,Vbd_best_20241007,IP111_CH36,111,42.1928,0.0436,0.003999999999997783,41.57,,0.6188000000000002,0.622799999999998,111_36,111_3
10.73.137.111,3,3,31,37,HPK,"[Apr-22-2024-run01, Apr-23-2024-run00, Apr-27-2024-run00, May-02-2024-run00, May-09-2024-run00, May-17-2024-run00, May-28-2024-run00, Jun-18-2024-run00, Jul-29-2024-run00, Sep-24-2024-run00, Oct-04-2024-run00]",0.03916,-0.1881,42.624,0.0435,Vbd_best_20241007,IP111_CH37,111,42.624,0.0461,0.0,42.29,,0.3340000000000032,0.3340000000000032,111_37,111_3
10.73.137.111,3,4,32,40,HPK,"[Apr-22-2024-run01, Apr-23-2024-run00, Apr-27-2024-run00, May-02-2024-run00, May-09-2024-run00, May-17-2024-run00, May-28-2024-run00, Jun-18-2024-run00, Jul-29-2024-run00, Sep-24-2024-run00, Oct-04-2024-run00]",0.03925,0.0622,42.077,0.0427,Vbd_best_20241007,IP111_CH40,111,42.082,0.0421,0.005000000000002558,41.28,,0.796999999999997,0.8019999999999996,111_40,111_4
10.73.137.111,3,4,33,41,HPK,"[Apr-22-2024-run01, Apr-23-2024-run00, Apr-27-2024-run00, May-02-2024-run00, May-09-2024-run00, May-17-2024-run00, May-28-2024-run00, Jun-18-2024-run00, Jul-29-2024-run00, Sep-24-2024-run00, Oct-04-2024-run00]",0.03922,0.08482,42.7816,0.0452,Vbd_best_20241007,IP111_CH41,111,42.7914,0.0412,0.009800000000005582,,,,,111_41,111_4
10.73.137.111,3,4,34,42,HPK,"[Apr-22-2024-run01, Apr-23-2024-run00, Apr-27-2024-run00, May-02-2024-run00, May-09-2024-run00, May-17-2024-run00, May-28-2024-run00, Jun-18-2024-run00, Jul-29-2024-run00, Sep-24-2024-run00, Oct-04-2024-run00]",0.03922,0.085,42.2647,0.0324,Vbd_best_20241007,IP111_CH42,111,42.2612,0.0335,-0.0034999999999953957,41.72,,0.5446999999999989,0.5412000000000035,111_42,111_4
10.73.137.111,3,4,35,43,HPK,"[Apr-22-2024-run01, Apr-23-2024-run00, Apr-27-2024-run00, May-02-2024-run00, May-09-2024-run00, May-17-2024-run00, May-28-2024-run00, Jun-18-2024-run00, Jul-29-2024-run00, Sep-24-2024-run00, Oct-04-2024-run00]",0.03923,0.07618,42.8277,0.0447,Vbd_best_20241007,IP111_CH43,111,42.8253,0.0489,-0.002400000000001512,,,,,111_43,111_4
10.73.137.111,3,4,36,44,HPK,"[Apr-22-2024-run01, Apr-23-2024-run00, Apr-27-2024-run00, May-02-2024-run00, May-09-2024-run00, May-17-2024-run00, May-28-2024-run00, Jun-18-2024-run00, Jul-29-2024-run00, Sep-24-2024-run00, Oct-04-2024-run00]",0.03924,0.06809,42.781,0.0369,Vbd_best_20241007,IP111_CH44,111,42.7838,0.0392,0.00280000000000058,,,,,111_44,111_4
10.73.137.111,3,4,37,45,HPK,"[Apr-22-2024-run01, Apr-23-2024-run00, Apr-27-2024-run00, May-02-2024-run00, May-09-2024-run00, May-17-2024-run00, May-28-2024-run00, Jun-18-2024-run00, Jul-29-2024-run00, Sep-24-2024-run00, Oct-04-2024-run00]",0.03923,0.07245,42.7228,0.0331,Vbd_best_20241007,IP111_CH45,111,42.715,0.0307,-0.007799999999996032,42.07,,0.6527999999999992,0.6450000000000031,111_45,111_4
10.73.137.111,3,4,38,46,HPK,"[Apr-22-2024-run01, Apr-23-2024-run00, Apr-27-2024-run00, May-02-2024-run00, May-09-2024-run00, May-17-2024-run00, May-28-2024-run00, Jun-18-2024-run00, Jul-29-2024-run00, Sep-24-2024-run00, Oct-04-2024-run00]",0.03925,0.06009,42.7578,0.0385,Vbd_best_20241007,IP111_CH46,111,42.7658,0.0359,0.007999999999995566,,,,,111_46,111_4
10.73.137.111,3,4,39,47,HPK,"[Apr-22-2024-run01, Apr-23-2024-run00, Apr-27-2024-run00, May-02-2024-run00, May-09-2024-run00, May-17-2024-run00, May-28-2024-run00, Jun-18-2024-run00, Jul-29-2024-run00, Sep-24-2024-run00, Oct-04-2024-run00]",0.03925,0.05482,42.7276,0.0294,Vbd_best_20241007,IP111_CH47,111,42.725,0.0321,-0.002600000000001046,42.08,,0.6476000000000042,0.6450000000000031,111_47,111_4
10.73.137.112,4,0,0,0,HPK,"[Apr-22-2024-run01, Apr-23-2024-run00, Apr-27-2024-run00, May-02-2024-run00, May-09-2024-run00, May-17-2024-run00, May-28-2024-run00, Jun-18-2024-run00, Jul-29-2024-run00, Sep-24-2024-run00, Oct-04-2024-run00]",0.03901,0.44727,41.8965,0.0368,Vbd_best_20241007,IP112_CH00,112,41.9047,0.0321,0.0081999999999951,41.35,,0.5465000000000018,0.5546999999999969,112_00,112_0
10.73.137.112,4,0,1,1,HPK,"[Apr-22-2024-run01, Apr-23-2024-run00, Apr-27-2024-run00, May-02-2024-run00, May-09-2024-run00, May-17-2024-run00, May-28-2024-run00, Jun-18-2024-run00, Jul-29-2024-run00, Sep-24-2024-run00, Oct-04-2024-run00]",0.039,0.45509,41.853,0.0393,Vbd_best_20241007,IP112_CH01,112,41.8551,0.0436,0.0020999999999986585,,,,,112_01,112_0
10.73.137.112,4,0,2,2,HPK,"[Apr-22-2024-run01, Apr-23-2024-run00, Apr-27-2024-run00, May-02-2024-run00, May-09-2024-run00, May-17-2024-run00, May-28-2024-run00, Jun-18-2024-run00, Jul-29-2024-run00, Sep-24-2024-run00, Oct-04-2024-run00]",0.03899,0.47173,41.8988,0.0439,Vbd_best_20241007,IP112_CH02,112,41.9008,0.0425,0.001999999999995339,41.73,,0.1688000000000045,0.17079999999999984,112_02,112_0
10.73.137.112,4,0,3,3,HPK,"[Apr-22-2024-run01, Apr-23-2024-run00, Apr-27-2024-run00, May-02-2024-run00, May-09-2024-run00, May-17-2024-run00, May-28-2024-run00, Jun-18-2024-run00, Jul-29-2024-run00, Sep-24-2024-run00, Oct-04-2024-run00]",0.03899,0.47109,41.8673,0.0484,Vbd_best_20241007,IP112_CH03,112,41.8736,0.0515,0.006300000000003081,,,,,112_03,112_0
10.73.137.112,4,0,4,4,HPK,"[Apr-22-2024-run01, Apr-23-2024-run00, Apr-27-2024-run00, May-02-2024-run00, May-09-2024-run00, May-17-2024-run00, May-28-2024-run00, Jun-18-2024-run00, Jul-29-2024-run00, Sep-24-2024-run00, Oct-04-2024-run00]",0.03898,0.47864,41.9549,0.029,Vbd_best_20241007,IP112_CH04,112,41.9598,0.0285,0.004899999999999238,,,,,112_04,112_0
10.73.137.112,4,0,5,5,HPK,"[Apr-22-2024-run01, Apr-23-2024-run00, Apr-27-2024-run00, May-02-2024-run00, May-09-2024-run00, May-17-2024-run00, May-28-2024-run00, Jun-18-2024-run00, Jul-29-2024-run00, Sep-24-2024-run00, Oct-04-2024-run00]",0.039,0.45627,41.9023,0.0414,Vbd_best_20241007,IP112_CH05,112,41.9127,0.0309,0.010400000000004184,41.48,,0.4222999999999999,0.4327000000000041,112_05,112_0
10.73.137.112,4,0,6,6,HPK,"[Apr-22-2024-run01, Apr-23-2024-run00, Apr-27-2024-run00, May-02-2024-run00, May-09-2024-run00, May-17-2024-run00, May-28-2024-run00, Jun-18-2024-run00, Jul-29-2024-run00, Sep-24-2024-run00, Oct-04-2024-run00]",0.03898,0.47891,41.89,0.045,Vbd_best_20241007,IP112_CH06,112,41.8944,0.0491,0.004399999999996851,,,,,112_06,112_0
10.73.137.112,4,0,7,7,HPK,"[Apr-22-2024-run01, Apr-23-2024-run00, Apr-27-2024-run00, May-02-2024-run00, May-09-2024-run00, May-17-2024-run00, May-28-2024-run00, Jun-18-2024-run00, Jul-29-2024-run00, Sep-24-2024-run00, Oct-04-2024-run00]",0.03898,0.47991,41.8929,0.0306,Vbd_best_20241007,IP112_CH07,112,41.8986,0.0308,0.005700000000004479,41.34,,0.552899999999994,0.5585999999999984,112_07,112_0
10.73.137.112,4,1,8,10,HPK,"[Apr-22-2024-run01, Apr-23-2024-run00, Apr-27-2024-run00, May-02-2024-run00, May-09-2024-run00, May-17-2024-run00, May-28-2024-run00, Jun-18-2024-run00, Jul-29-2024-run00, Sep-24-2024-run00, Oct-04-2024-run00]",0.03903,0.27773,41.8258,0.0498,Vbd_best_20241007,IP112_CH10,112,41.8342,0.0492,0.00840000000000174,41.06,,0.7657999999999987,0.7742000000000004,112_10,112_1
10.73.137.112,4,1,9,11,HPK,"[Apr-22-2024-run01, Apr-23-2024-run00, Apr-27-2024-run00, May-02-2024-run00, May-09-2024-run00, May-17-2024-run00, May-28-2024-run00, Jun-18-2024-run00, Jul-29-2024-run00, Sep-24-2024-run00, Oct-04-2024-run00]",0.03884,0.45709,38.8626,0.1421,Vbd_best_20241007,IP112_CH11,112,38.9129,0.0978,0.05030000000000001,,,,,112_11,112_1
10.73.137.112,4,1,10,12,HPK,"[Apr-22-2024-run01, Apr-23-2024-run00, Apr-27-2024-run00, May-02-2024-run00, May-09-2024-run00, May-17-2024-run00, May-28-2024-run00, Jun-18-2024-run00, Jul-29-2024-run00, Sep-24-2024-run00, Oct-04-2024-run00]",0.03903,0.28464,41.9478,0.0335,Vbd_best_20241007,IP112_CH12,112,41.9536,0.0343,0.0058000000000006935,41.07,,0.8778000000000006,0.8836000000000013,112_12,112_1
10.73.137.112,4,1,11,13,HPK,"[Apr-22-2024-run01, Apr-23-2024-run00, Apr-27-2024-run00, May-02-2024-run00, May-09-2024-run00, May-17-2024-run00, May-28-2024-run00, Jun-18-2024-run00, Jul-29-2024-run00, Sep-24-2024-run00, Oct-04-2024-run00]",0.03905,0.257,42.1747,0.0367,Vbd_best_20241007,IP112_CH13,112,42.1778,0.0396,0.003099999999996328,,,,,112_13,112_1
10.73.137.112,4,1,12,14,HPK,"[Apr-22-2024-run01, Apr-23-2024-run00, Apr-27-2024-run00, May-02-2024-run00, May-09-2024-run00, May-17-2024-run00, May-28-2024-run00, Jun-18-2024-run00, Jul-29-2024-run00, Sep-24-2024-run00, Oct-04-2024-run00]",0.03909,0.1915,42.254,0.0198,Vbd_best_20241007,IP112_CH14,112,42.254,0.0198,0.0,,,,,112_14,112_1
10.73.137.112,4,1,13,15,HPK,"[Apr-22-2024-run01, Apr-23-2024-run00, Apr-27-2024-run00, May-02-2024-run00, May-09-2024-run00, May-17-2024-run00, May-28-2024-run00, Jun-18-2024-run00, Jul-29-2024-run00, Sep-24-2024-run00, Oct-04-2024-run00]",0.03904,0.273,41.9837,0.0323,Vbd_best_20241007,IP112_CH15,112,41.9907,0.026,0.006999999999997897,41.16,,0.8237000000000023,0.8307000000000002,112_15,112_1
10.73.137.112,4,1,14,16,HPK,"[Apr-22-2024-run01, Apr-23-2024-run00, Apr-27-2024-run00, May-02-2024-run00, May-09-2024-run00, May-17-2024-run00, May-28-2024-run00, Jun-18-2024-run00, Jul-29-2024-run00, Sep-24-2024-run00, Oct-04-2024-run00]",0.03904,0.26845,42.1908,0.0457,Vbd_best_20241007,IP112_CH16,112,42.1956,0.0491,0.004799999999995919,,,,,112_16,112_1
10.73.137.112,4,1,15,17,HPK,"[Apr-22-2024-run01, Apr-23-2024-run00, Apr-27-2024-run00, May-02-2024-run00, May-09-2024-run00, May-17-2024-run00, May-28-2024-run00, Jun-18-2024-run00, Jul-29-2024-run00, Sep-24-2024-run00, Oct-04-2024-run00]",0.03904,0.27045,42.0262,0.0361,Vbd_best_20241007,IP112_CH17,112,42.0311,0.0375,0.004899999999999238,41.13,,0.8962000000000003,0.9010999999999996,112_17,112_1
10.73.137.112,4,2,16,20,HPK,"[Apr-22-2024-run01, Apr-23-2024-run00, Apr-27-2024-run00, May-02-2024-run00, May-09-2024-run00, May-17-2024-run00, May-28-2024-run00, Jun-18-2024-run00, Jul-29-2024-run00, Sep-24-2024-run00, Oct-04-2024-run00]",0.03902,1.01891,41.8906,0.0234,Vbd_best_20241007,IP112_CH20,112,41.8939,0.0248,0.0033000000000029672,41.27,,0.620599999999996,0.623899999999999,112_20,112_2
10.73.137.112,4,2,17,21,HPK,"[Apr-22-2024-run01, Apr-23-2024-run00, Apr-27-2024-run00, May-02-2024-run00, May-09-2024-run00, May-17-2024-run00, May-28-2024-run00, Jun-18-2024-run00, Jul-29-2024-run00, Sep-24-2024-run00, Oct-04-2024-run00]",0.03906,0.979,41.9304,0.0389,Vbd_best_20241007,IP112_CH21,112,41.9233,0.0393,-0.0071000000000012164,,,,,112_21,112_2
10.73.137.112,4,2,18,22,HPK,"[Apr-22-2024-run01, Apr-23-2024-run00, Apr-27-2024-run00, May-02-2024-run00, May-09-2024-run00, May-17-2024-run00, May-28-2024-run00, Jun-18-2024-run00, Jul-29-2024-run00, Sep-24-2024-run00, Oct-04-2024-run00]",0.03911,0.92673,41.6606,0.3146,Vbd_best_20241007,IP112_CH22,112,41.7741,0.2092,0.11349999999999483,41.07,,0.590600000000002,0.7040999999999968,112_22,112_2
10.73.137.112,4,2,19,23,HPK,"[Apr-22-2024-run01, Apr-23-2024-run00, Apr-27-2024-run00, May-02-2024-run00, May-09-2024-run00, May-17-2024-run00, May-28-2024-run00, Jun-18-2024-run00, Jul-29-2024-run00, Sep-24-2024-run00, Oct-04-2024-run00]",0.03902,1.00709,41.8957,0.0484,Vbd_best_20241007,IP112_CH23,112,41.9029,0.0458,0.007200000000004536,,,,,112_23,112_2
10.73.137.112,4,2,20,24,HPK,"[Apr-22-2024-run01, Apr-23-2024-run00, Apr-27-2024-run00, May-02-2024-run00, May-09-2024-run00, May-17-2024-run00, May-28-2024-run00, Jun-18-2024-run00, Jul-29-2024-run00, Sep-24-2024-run00, Oct-04-2024-run00]",0.03904,0.99573,41.962,0.0428,Vbd_best_20241007,IP112_CH24,112,41.9627,0.0402,0.0006999999999948159,,,,,112_24,112_2
10.73.137.112,4,2,21,25,HPK,"[Apr-22-2024-run01, Apr-23-2024-run00, Apr-27-2024-run00, May-02-2024-run00, May-09-2024-run00, May-17-2024-run00, May-28-2024-run00, Jun-18-2024-run00, Jul-29-2024-run00, Sep-24-2024-run00, Oct-04-2024-run00]",0.03906,0.97836,42.2237,0.0473,Vbd_best_20241007,IP112_CH25,112,42.2279,0.0462,0.004199999999997317,41.78,,0.44369999999999976,0.4478999999999971,112_25,112_2
10.73.137.112,4,2,22,26,HPK,"[Apr-22-2024-run01, Apr-23-2024-run00, Apr-27-2024-run00, May-02-2024-run00, May-09-2024-run00, May-17-2024-run00, May-28-2024-run00, Jun-18-2024-run00, Jul-29-2024-run00, Sep-24-2024-run00, Oct-04-2024-run00]",0.03907,0.97045,41.9735,0.052,Vbd_best_20241007,IP112_CH26,112,41.9702,0.0547,-0.0033000000000029672,,,,,112_26,112_2
10.73.137.112,4,2,23,27,HPK,"[Apr-22-2024-run01, Apr-23-2024-run00, Apr-27-2024-run00, May-02-2024-run00, May-09-2024-run00, May-17-2024-run00, May-28-2024-run00, Jun-18-2024-run00, Jul-29-2024-run00, Sep-24-2024-run00, Oct-04-2024-run00]",0.03905,0.98745,41.968,0.0426,Vbd_best_20241007,IP112_CH27,112,41.9722,0.0455,0.004199999999997317,41.63,,0.33800000000000097,0.3421999999999983,112_27,112_2
10.73.137.112,4,3,24,30,HPK,"[Apr-22-2024-run01, Apr-23-2024-run00, Apr-27-2024-run00, May-02-2024-run00, May-09-2024-run00, May-17-2024-run00, May-28-2024-run00, Jun-18-2024-run00, Jul-29-2024-run00, Sep-24-2024-run00, Oct-04-2024-run00]",0.03892,-0.40427,41.7446,0.0463,Vbd_best_20241007,IP112_CH30,112,41.7469,0.0504,0.0022999999999981924,41.17,,0.5745999999999967,0.5768999999999949,112_30,112_3
10.73.137.112,4,3,25,31,HPK,"[Apr-22-2024-run01, Apr-23-2024-run00, Apr-27-2024-run00, May-02-2024-run00, May-09-2024-run00, May-17-2024-run00, May-28-2024-run00, Jun-18-2024-run00, Jul-29-2024-run00, Sep-24-2024-run00, Oct-04-2024-run00]",0.03895,-0.43218,41.6421,0.0331,Vbd_best_20241007,IP112_CH31,112,41.6459,0.0355,0.0037999999999982492,,,,,112_31,112_3
10.73.137.112,4,3,26,32,HPK,"[Apr-22-2024-run01, Apr-23-2024-run00, Apr-27-2024-run00, May-02-2024-run00, May-09-2024-run00, May-17-2024-run00, May-28-2024-run00, Jun-18-2024-run00, Jul-29-2024-run00, Sep-24-2024-run00, Oct-04-2024-run00]",0.03894,-0.43091,41.7634,0.0434,Vbd_best_20241007,IP112_CH32,112,41.7648,0.0429,0.0014000000000038426,41.15,,0.6133999999999986,0.6148000000000025,112_32,112_3
10.73.137.112,4,3,27,33,HPK,"[Apr-22-2024-run01, Apr-23-2024-run00, Apr-27-2024-run00, May-02-2024-run00, May-09-2024-run00, May-17-2024-run00, May-28-2024-run00, Jun-18-2024-run00, Jul-29-2024-run00, Sep-24-2024-run00, Oct-04-2024-run00]",0.03893,-0.41709,41.5638,0.0878,Vbd_best_20241007,IP112_CH33,112,41.5537,0.0948,-0.01010000000000133,,,,,112_33,112_3
10.73.137.112,4,3,28,34,HPK,"[Apr-22-2024-run01, Apr-23-2024-run00, Apr-27-2024-run00, May-02-2024-run00, May-09-2024-run00, May-17-2024-run00, May-28-2024-run00, Jun-18-2024-run00, Jul-29-2024-run00, Sep-24-2024-run00, Oct-04-2024-run00]",0.03893,-0.41964,41.6613,0.0519,Vbd_best_20241007,IP112_CH34,112,41.669,0.0535,0.007699999999999818,,,,,112_34,112_3
10.73.137.112,4,3,29,35,HPK,"[Apr-22-2024-run01, Apr-23-2024-run00, Apr-27-2024-run00, May-02-2024-run00, May-09-2024-run00, May-17-2024-run00, May-28-2024-run00, Jun-18-2024-run00, Jul-29-2024-run00, Sep-24-2024-run00, Oct-04-2024-run00]",0.03894,-0.42945,42.1815,0.0602,Vbd_best_20241007,IP112_CH35,112,42.1882,0.0652,0.006700000000002149,41.63,,0.5514999999999972,0.5581999999999994,112_35,112_3
10.73.137.112,4,3,30,36,HPK,"[Apr-22-2024-run01, Apr-23-2024-run00, Apr-27-2024-run00, May-02-2024-run00, May-09-2024-run00, May-17-2024-run00, May-28-2024-run00, Jun-18-2024-run00, Jul-29-2024-run00, Sep-24-2024-run00, Oct-04-2024-run00]",0.03892,-0.40882,41.6265,0.0539,Vbd_best_20241007,IP112_CH36,112,41.6347,0.0532,0.008200000000002206,,,,,112_36,112_3
10.73.137.112,4,3,31,37,HPK,"[Apr-22-2024-run01, Apr-23-2024-run00, Apr-27-2024-run00, May-02-2024-run00, May-09-2024-run00, May-17-2024-run00, May-28-2024-run00, Jun-18-2024-run00, Jul-29-2024-run00, Sep-24-2024-run00, Oct-04-2024-run00]",0.03895,-0.43245,42.1393,0.0619,Vbd_best_20241007,IP112_CH37,112,42.1509,0.0623,0.011600000000001387,41.44,,0.6993000000000009,0.7109000000000023,112_37,112_3
10.73.137.112,4,4,32,40,HPK,"[Apr-22-2024-run01, Apr-23-2024-run00, Apr-27-2024-run00, May-02-2024-run00, May-09-2024-run00, May-17-2024-run00, May-28-2024-run00, Jun-18-2024-run00, Jul-29-2024-run00, Sep-24-2024-run00, Oct-04-2024-run00]",0.03913,0.11009,42.6225,0.0418,Vbd_best_20241007,IP112_CH40,112,42.6211,0.0456,-0.0014000000000038426,41.85,,0.7725000000000009,0.771099999999997,112_40,112_4
10.73.137.112,4,4,34,42,HPK,"[Apr-22-2024-run01, Apr-23-2024-run00, Apr-27-2024-run00, May-02-2024-run00, May-09-2024-run00, May-17-2024-run00, May-28-2024-run00, Jun-18-2024-run00, Jul-29-2024-run00, Sep-24-2024-run00, Oct-04-2024-run00]",0.0391,0.13273,42.5946,0.1055,Vbd_best_20241007,IP112_CH42,112,42.6246,0.0827,0.030000000000001137,42.33,,0.2646000000000015,0.29460000000000264,112_42,112_4
10.73.137.112,4,4,37,45,HPK,"[Apr-22-2024-run01, Apr-23-2024-run00, Apr-27-2024-run00, May-02-2024-run00, May-09-2024-run00, May-17-2024-run00, May-28-2024-run00, Jun-18-2024-run00, Jul-29-2024-run00, Sep-24-2024-run00, Oct-04-2024-run00]",0.03912,0.11655,41.8135,0.0434,Vbd_best_20241007,IP112_CH45,112,41.8116,0.0468,-0.0018999999999991246,41.38,,0.4334999999999951,0.431599999999996,112_45,112_4
10.73.137.112,4,4,39,47,HPK,"[Apr-22-2024-run01, Apr-23-2024-run00, Apr-27-2024-run00, May-02-2024-run00, May-09-2024-run00, May-17-2024-run00, May-28-2024-run00, Jun-18-2024-run00, Jul-29-2024-run00, Sep-24-2024-run00, Oct-04-2024-run00]",0.03911,0.12745,41.7886,0.0329,Vbd_best_20241007,IP112_CH47,112,41.7941,0.0341,0.00549999999999784,41.08,,0.7086000000000041,0.714100000000002,112_47,112_4
10.73.137.113,4,0,0,0,FBK,"[Apr-22-2024-run01, Apr-23-2024-run00, Apr-27-2024-run00, May-02-2024-run00, May-09-2024-run00, May-17-2024-run00, May-28-2024-run00, Jun-18-2024-run00, Jul-29-2024-run00, Sep-24-2024-run00, Oct-04-2024-run00]",0.03917,0.48991,27.5244,0.0455,Vbd_best_20241007,IP113_CH00,113,27.5248,0.0507,0.00039999999999906777,27.38,,0.14440000000000097,0.14480000000000004,113_00,113_0
10.73.137.113,4,0,2,2,FBK,"[Apr-22-2024-run01, Apr-23-2024-run00, Apr-27-2024-run00, May-02-2024-run00, May-09-2024-run00, May-17-2024-run00, May-28-2024-run00, Jun-18-2024-run00, Jul-29-2024-run00, Sep-24-2024-run00, Oct-04-2024-run00]",0.03915,0.50091,27.4001,0.0845,Vbd_best_20241007,IP113_CH02,113,27.4166,0.0851,0.016500000000000625,27.07,,0.33009999999999806,0.3465999999999987,113_02,113_0
10.73.137.113,4,0,5,5,FBK,"[Apr-22-2024-run01, Apr-23-2024-run00, Apr-27-2024-run00, May-02-2024-run00, May-09-2024-run00, May-17-2024-run00, May-28-2024-run00, Jun-18-2024-run00, Jul-29-2024-run00, Sep-24-2024-run00, Oct-04-2024-run00]",0.03916,0.498,27.5394,0.0489,Vbd_best_20241007,IP113_CH05,113,27.5473,0.0479,0.007899999999999352,27.17,,0.36939999999999884,0.3772999999999982,113_05,113_0
10.73.137.113,4,0,7,7,FBK,"[Apr-22-2024-run01, Apr-23-2024-run00, Apr-27-2024-run00, May-02-2024-run00, May-09-2024-run00, May-17-2024-run00, May-28-2024-run00, Jun-18-2024-run00, Jul-29-2024-run00, Sep-24-2024-run00, Oct-04-2024-run00]",0.03918,0.48491,27.4255,0.0683,Vbd_best_20241007,IP113_CH07,113,27.4364,0.058,0.010899999999999466,26.88,,0.5455000000000005,0.5564,113_07,113_0
